review_id,reviewer,rating,date,review,reviewer_url,source_file
Ci9DQUlRQUNvZENodHljRjlvT2t0MVMxRjVOVTVCVFdOblRYUlBSRFl0T1ZGNVQyYxAB,Rafael Noche,5,4 months ago,"Chelsea provides an outstanding customer experience every time. She’s attentive, approachable, and genuinely helpful when it comes to finding the right pieces. You can tell she knows the products well and takes the time to understand what …",https://www.google.com/maps/contrib/106663137933172034683/reviews?hl=en-CA,alo mtl reviews - Google Search example.html
Ci9DQUlRQUNvZENodHljRjlvT2pkQ1ducHRSbFpMTW5jd2QwTldNRVJrVlVKMlozYxAB,Nadia Sheikh,5,a month ago,I'm a regular client at ALO St-Catherine street Montreal and I have to say I always walk out with 100% satisfaction. The staff's patience and attentiveness is unique. They also add fun in my shopping experience! Highly recommended ⭐️⭐️⭐️⭐️⭐️,https://www.google.com/maps/contrib/111351406885516508062/reviews?hl=en-CA,alo mtl reviews - Google Search example.html
Ci9DQUlRQUNvZENodHljRjlvT25GTWIybzVlbkZXVFdGSmNYTkdkRE5EU2s1cWExRRAB,Manik Rane,1,5 months ago,"Visited the store on Ste Catarines in Montreal with a serious intent to buy men's shoes and women's athletic apparel. Walked up to the 2nd floor to check out the merchandise only to find three very young sales agent, two girls and a buy …",https://www.google.com/maps/contrib/116392309320849496821/reviews?hl=en-CA,alo mtl reviews - Google Search example.html
Ci9DQUlRQUNvZENodHljRjlvT21KNVVqYzVRMjV6V1U1VE5IaElZV00wV2tzMlJWRRAB,toby hale,5,7 months ago,"I would give Alo Montreal SIX stars if I could. From start to finish, my experience with this store was nothing short of exceptional!!!!  While visiting Montreal before Christmas, I was shopping for a gift for my wife and had the pleasure …",https://www.google.com/maps/contrib/118203710018656516398/reviews?hl=en-CA,alo mtl reviews - Google Search example.html
Ci9DQUlRQUNvZENodHljRjlvT2pGUFgwOU9NRTl5WlRObGFUUm5TRmxHWkRkek5IYxAB,arthur bizdikian,5,3 months ago,"This branch has one of the best selection of items, and the staff is amazing. The manager, Robert, is very friendly and helpful. I had an issue with a sweater long after the exchange date was expired, and he immediately exchanged it no …",https://www.google.com/maps/contrib/114274747324793126322/reviews?hl=en-CA,alo mtl reviews - Google Search example.html
Ci9DQUlRQUNvZENodHljRjlvT2xOd1IxTjZXbVF5WlVsZmRYa3RhRTE2ZDNCdGJuYxAB,E B,5,6 months ago,"Via E-mail Sent to General Manager of Alo Yoga, Store #86 1254 Ste. Catherine St. West, Montreal, QC H3G 1P1 …",https://www.google.com/maps/contrib/117097608471903722068/reviews?hl=en-CA,alo mtl reviews - Google Search example.html
Ci9DQUlRQUNvZENodHljRjlvT21Nd2MzcE1ZblpLYUdscFR6VnFUVEp0Y0dkMlVuYxAB,A. P.,4,Edited 7 months ago,The store is clean and nicely laid out. I just wish that a staff member would have offered to help me while shopping. …,https://www.google.com/maps/contrib/102960075947098296968/reviews?hl=en-CA,alo mtl reviews - Google Search example.html
Ci9DQUlRQUNvZENodHljRjlvT25jNFNqVnpUMU4xWmtkNGFWbExaemRxYkhoa05YYxAB,Lau Ki Fung,5,3 months ago,I purchased online and I had to do an exchange and refund there. They were efficient and helpful! They know exactly what I want and I left there very satisfied 😄,https://www.google.com/maps/contrib/112550600864145753839/reviews?hl=en-CA,alo mtl reviews - Google Search example.html
Ci9DQUlRQUNvZENodHljRjlvT25kRGFEUjZVakF4Wmtkc2FubzRXbEpWZVdKbE1XYxAB,Alberto Peter,5,5 months ago,"GREAT experience!! The team was so genuine and attentive, everyone had amazing energy and made my shopping so much better, also incredible shoes!!",https://www.google.com/maps/contrib/116887515278302461194/reviews?hl=en-CA,alo mtl reviews - Google Search example.html
Ci9DQUlRQUNvZENodHljRjlvT2tGTE1tbHVWVlU0UlhaNVQzbHpkM2RZTTJkNE4wRRAB,Anwale Grandte,5,9 months ago,What a store ! Super clean and well organized... at least no one jumps on you once you a foot in the store ! …,https://www.google.com/maps/contrib/114041829045723358869/reviews?hl=en-CA,alo mtl reviews - Google Search example.html
Ci9DQUlRQUNvZENodHljRjlvT20wM1NtaFZaWEIwTURsS2JtaEhhR1pDZURGM1FtYxAB,Youness Jamaleddine,5,6 months ago,"very very great experience , Leslie took the time for me and made it as if it was a personal shopper experience !!! shout out to Leslie who deserves not 5 but 10 stars ⭐️",https://www.google.com/maps/contrib/108966932734816291707/reviews?hl=en-CA,alo mtl reviews - Google Search example.html
Ci9DQUlRQUNvZENodHljRjlvT2xkTFVVRm1hVFprTVcxWGRIVk5NSFl4ZGpCYVVYYxAB,auto hi-tech 2020,1,3 months ago,"Bought brand new shoes in January Had a defect after 2 months , went to see the manager in downtown Montreal , he won’t even look at them …",https://www.google.com/maps/contrib/101455478962513720998/reviews?hl=en-CA,alo mtl reviews - Google Search example.html
Ci9DQUlRQUNvZENodHljRjlvT2pocFIyZDJNVzlYZUhOSmNtOTZSRmd6TTJSUmJGRRAB,Daniella,5,9 months ago,I had an amazing experience with Rene. It was my first time at alo and he was very helpful and kind. The clothes looks so nice and comfortable! I’ll definitely be shopping there again soon,https://www.google.com/maps/contrib/113653213336375289620/reviews?hl=en-CA,alo mtl reviews - Google Search example.html
Ci9DQUlRQUNvZENodHljRjlvT2tSNE1tVTFOekZ5ZG5kWVpqUmlWSEpzYmsxM01sRRAB,Elizabeth Chwakanowski,3,9 months ago,"The young girl that served me was so rude and cold. I asked her for a size and the first thing she answers is ""The store is closing in 15 minutes"". I know that I saw the sign on the door doesn’t matter. I just asked you if you carry a …",https://www.google.com/maps/contrib/107374074324510404968/reviews?hl=en-CA,alo mtl reviews - Google Search example.html
ChdDSUhNMG9nS0VJQ0FnSUNuXzZQZ2pRRRAB,vale,5,a year ago,"I don’t write reviews usually, I Went shop today afternoon and I was greeted by Amy on second floor , such a super nice and professional girl ! I she helped me a lot to found lots of staffs !! Thank you so much Amy!!;) see you soon:))",https://www.google.com/maps/contrib/104657825769544598182/reviews?hl=en-CA,alo mtl reviews - Google Search example.html
Ci9DQUlRQUNvZENodHljRjlvT20xc2REZHpXblV5ZFVGRldWZExZMXBJTW1Oa1IxRRAB,Louis-Charles Gauthier,5,2 months ago,"Great selection, staff really polite and nice and the shop is really nice to visit.",https://www.google.com/maps/contrib/112428610344483428014/reviews?hl=en-CA,alo mtl reviews - Google Search example.html
Ci9DQUlRQUNvZENodHljRjlvT25sTmVWOVVUa0owVlV0d0xVdEhVWG94TlZKbFNYYxAB,Danielly Aguilar,5,9 months ago,"Amazing service from René! Very attentive, knowledgeable, and friendly. You can immediately tell he’s a strong manager and sets the tone for the store. I’ll definitely return because of him.",https://www.google.com/maps/contrib/110755638673723507564/reviews?hl=en-CA,alo mtl reviews - Google Search example.html
ChZDSUhNMG9nS0VNR1YtTzJZbXFuMEpBEAE,Anna Galstyan,5,a year ago,What an amazing service!! Finally able to go to a store and receive such good help without feeling rushed or forced to buy. Big thank you to Roberto for his patience and guidance. I am absolutely in love with my purchases!!! looking forward …,https://www.google.com/maps/contrib/109435251860470679874/reviews?hl=en-CA,alo mtl reviews - Google Search example.html
Ci9DQUlRQUNvZENodHljRjlvT25KRVlWaGlNV0ZDUlU5VlRrWnhaVlI1TlhaWlZFRRAB,Robbie,5,5 months ago,Roberto is a rockstar. He is so nice and easy to deal with! Way to go Alo!,https://www.google.com/maps/contrib/107853029579894696619/reviews?hl=en-CA,alo mtl reviews - Google Search example.html
Ci9DQUlRQUNvZENodHljRjlvT2s5WVdXWm9NalJFWTNOcFFVVldXbXR0UjJkdVIzYxAB,Jordan Drezet,5,10 months ago,"We had a fantastic experience here. It was our first time shopping at this location and Alberto ensured we had the best experience. He was so personable, knowledgeable and professional. 10 stars all the way around!",https://www.google.com/maps/contrib/114879960572649789537/reviews?hl=en-CA,alo mtl reviews - Google Search example.html
Ci9DQUlRQUNvZENodHljRjlvT2xKM2FFWlpaMUV6ZG5odWVqQnRhM05mUmxkQlZVRRAB,Thalia Najjar,5,a year ago,"10/10 – Amazing experience! Agla was incredibly helpful and patient, and made sure I was completely satisfied with my purchase. She really listened and answered all my questions with care. …",https://www.google.com/maps/contrib/109216497971055650456/reviews?hl=en-CA,alo mtl reviews - Google Search example.html
Ci9DQUlRQUNvZENodHljRjlvT2tKNlVWOXJZamt5T0U1VmFtZ3pabVJ1T1RsWE5uYxAB,Bebette Muamba,4,4 months ago,"Hiba was amazinggg,gave me the best service ever! Really appreciated her and will be coming back!!",https://www.google.com/maps/contrib/102282898176017996739/reviews?hl=en-CA,alo mtl reviews - Google Search example.html
Ci9DQUlRQUNvZENodHljRjlvT21zelpVeDFZblJXVm5aelJFeFNZWGhXVFVOU01YYxAB,M Asefjah,5,9 months ago,I received an amazing customer service today from Lyana and Renee. The whole team are very professional and friendly. Would love to visit them again for my future purchases.,https://www.google.com/maps/contrib/109033014385709740740/reviews?hl=en-CA,alo mtl reviews - Google Search example.html
Ci9DQUlRQUNvZENodHljRjlvT25Gd2VtcEhTSE5DVFdKSGVrTmhRMnRpVXkxaU1YYxAB,Debbreca Long,1,a year ago,Finally checked this place out.  Way over priced for clothes made in Vietnam and Cambodia. I guess when a brand gets a hype and some traction they think they can sell got a sweater for 178 made in Cambodia or Vietnam. What a waste of money. …,https://www.google.com/maps/contrib/117267175497261064937/reviews?hl=en-CA,alo mtl reviews - Google Search example.html
Ci9DQUlRQUNvZENodHljRjlvT2pJMGVrTnZjRVYwZUZWUWEzZFdUbEUxT0doS1NXYxAB,Sarah A,3,11 months ago,"I always shop here and love the staff !!!!! However every time Camila or Kamila, the blonde girl acts like she’s got an attitude problem.. Is she getting dumped by her boyfriend before every shift or what? I’m genuinely curious.",https://www.google.com/maps/contrib/118403689827607759901/reviews?hl=en-CA,alo mtl reviews - Google Search example.html
Ci9DQUlRQUNvZENodHljRjlvT21keGVXWllSek4yVkRjek5XZzJka2RqWDNFNVdrRRAB,Straighforward,5,3 months ago,Lovely staff they even have an elevator for if you cant walk upstairs,https://www.google.com/maps/contrib/116025331434232559276/reviews?hl=en-CA,alo mtl reviews - Google Search example.html
ChZDSUhNMG9nS0VJQ0FnSUNYajZMUE5REAE,TimeFor PM,5,Edited a year ago,I’m going to respond to Lily’s review where she very pretentiously states that customers make 3x the salaries so they deserve respect. Imagine how incredibly tasteless and miserable you have to be to bring down part-time young students who …,https://www.google.com/maps/contrib/112169094747154162001/reviews?hl=en-CA,alo mtl reviews - Google Search example.html
ChdDSUhNMG9nS0VJQ0FnSURQbTdTbXBRRRAB,Maxim Lizotte,5,a year ago,I don’t understand all the negative reviews. It was my first time in a Alo store and I had an amazing experience! I learnt that everything in store is 30% less expensive than on their website! The whole staff was welcoming and went above …,https://www.google.com/maps/contrib/113595102138754738777/reviews?hl=en-CA,alo mtl reviews - Google Search example.html
Ci9DQUlRQUNvZENodHljRjlvT2pobmFtWXdOWFJxTUhSdlJWbFpPVGxpTFVwdVMzYxAB,Kelly,5,2 months ago,Such kind and helpful employees. Cute clothes,https://www.google.com/maps/contrib/102655382796086871459/reviews?hl=en-CA,alo mtl reviews - Google Search example.html
ChdDSUhNMG9nS0VJQ0FnTUNZMHREM3ZBRRAB,Eva Papadakis,1,a year ago,"this was my first visit, but encountered very rude costumer service. i understand there are only three  dressing rooms upstairs and a line of people waiting, however i was rushed out of there within the first 5 minutes of trying on 5 items …",https://www.google.com/maps/contrib/113448405086840713424/reviews?hl=en-CA,alo mtl reviews - Google Search example.html
Ci9DQUlRQUNvZENodHljRjlvT2xrMGFHRjBWVUl5YTFsbWFGUkVkR1JEZG1kRVJFRRAB,Riccardo Bonilla,5,a year ago,"amazing experience! team is extremely knowledgeable and very sweet! Best shoes I ever bought!! happy team, can’t wait to come back",https://www.google.com/maps/contrib/111918167148813754274/reviews?hl=en-CA,alo mtl reviews - Google Search example.html
ChdDSUhNMG9nS0VJQ0FnSURQa2NDaXN3RRAB,isa cas (Isa),1,a year ago,I had a horrible experience in this store!  I came in really exited to shop but the sales associates wouldn’t even greet me from far. I tried a few items that i liked but i never got offered any help. At some point a sales associate stood a …,https://www.google.com/maps/contrib/103825107787897651779/reviews?hl=en-CA,alo mtl reviews - Google Search example.html
ChZDSUhNMG9nS0VNVFBzY1RPcTVLbVF3EAE,Julie G,5,a year ago,"Beautiful, clean, and spacious two-floor store with a great selection of shoes too. Loved the styling and overall experience—I'll definitely be back!:)",https://www.google.com/maps/contrib/103176925490204369323/reviews?hl=en-CA,alo mtl reviews - Google Search example.html
Ci9DQUlRQUNvZENodHljRjlvT2pGemNEazRkakE1U2t4RE0xUjZXVzlmV0hwRGNrRRAB,Tamara Bedoshvili,5,a year ago,"Had a great experience at Alo! The selection was stylish and well-organized. Huge shoutout to Madi— she was friendly, knowledgeable, and genuinely helpful. Will definitely be back!",https://www.google.com/maps/contrib/102541469095101266423/reviews?hl=en-CA,alo mtl reviews - Google Search example.html
ChZDSUhNMG9nS0VJQ0FnTURJcnBmQkNBEAE,K N,4,a year ago,"Great customer service! Staff are knowledgeable, give honest feedback, and very helpful. Of course the products are a tad over-priced, but that's not the staff's fault. 😅 Hoping tariffs will not make it worse!",https://www.google.com/maps/contrib/114262424393652694426/reviews?hl=en-CA,alo mtl reviews - Google Search example.html
ChZDSUhNMG9nS0VOYW9sNjJwNzZQLWJ3EAE,Eva Inso,5,a year ago,Alberto has fantastic customer service skills. I normally don’t leave reviews but he made my shopping experience really great. From start to finish! Thanks Alberto,https://www.google.com/maps/contrib/107069492091749548696/reviews?hl=en-CA,alo mtl reviews - Google Search example.html
ChdDSUhNMG9nS0VJQ0FnSUMzdXUzWHpnRRAB,M P,5,a year ago,Amazing experience in the boutique today thanks to Julie. She was of great help and took the time to recommend items she thought I would like and really made sure I got everything I needed!! :),https://www.google.com/maps/contrib/118280671420212629960/reviews?hl=en-CA,alo mtl reviews - Google Search example.html
Ci9DQUlRQUNvZENodHljRjlvT25GQlRYcGtibTQyVDBSalQxTnpUbGxoYXkxUVYzYxAB,Manuela Simo,5,a year ago,"Had such an amazing with the TEAM! I want to give a special thank you to the manager, he really helped me with picking the perfect piece for me!!",https://www.google.com/maps/contrib/113724211097598797941/reviews?hl=en-CA,alo mtl reviews - Google Search example.html
Ci9DQUlRQUNvZENodHljRjlvT210R1VXeFhjbGd5YlZOM1pubG1UMnN6VlhOdVMzYxAB,Fatima,5,11 months ago,"Customer service is 10/10, I had a great experience at this store 😊",https://www.google.com/maps/contrib/100917289442679286501/reviews?hl=en-CA,alo mtl reviews - Google Search example.html
Ci9DQUlRQUNvZENodHljRjlvT2twSlJYTlhhVEptU2tGbFEyWXdZalE0VVhCUVEwRRAB,Rahul Patel,1,a year ago,"I thought I can give Alo a chance since I’m so used to Lululemon but the quality is honestly garbage, the pants are so low quality even if you follow the instructions for wash it’s not the best, not worth the money rather stick to Lulu",https://www.google.com/maps/contrib/109803843273155538131/reviews?hl=en-CA,alo mtl reviews - Google Search example.html
ChZDSUhNMG9nS0VJQ0FnSURIZ2VxVEVBEAE,Melissa B,1,a year ago,This store opened 1 week ago and they don’t have 4 items in stock in the sizes i asked but besides that they didn’t open at 10:00 am it was 10:05 and they still weren’t opened when the girl came to open the door she was rude and didn’t even …,https://www.google.com/maps/contrib/101314420075457995731/reviews?hl=en-CA,alo mtl reviews - Google Search example.html
ChdDSUhNMG9nS0VJQ0FnSUNQNmRhNy1nRRAB,olivia cianci,5,a year ago,"Amazing customer service amazing workers, was served today by Agla. Had such a lovely experience, super friendly and patient. Will be returning to this location for all purchases <3",https://www.google.com/maps/contrib/106769873680382645652/reviews?hl=en-CA,alo mtl reviews - Google Search example.html
ChZDSUhNMG9nS0VQYlk0Nl9qN0lDWWNBEAE,Ben Clements,5,a year ago,"The best customer service ever. Agla is such a great employee!! I’ve shopped at Alo in Ottawa, toronto and Orlando. This is the best yet 🤩",https://www.google.com/maps/contrib/105344223604356351104/reviews?hl=en-CA,alo mtl reviews - Google Search example.html
Ci9DQUlRQUNvZENodHljRjlvT21nd2RqQXlPR0pVWkhWRFp6WnVkMVJNVG04ME5WRRAB,Paulo Augusto,5,8 months ago,I had the best experience and service. Thanks to Rene. Very patience and friendly. Thank you so much again Rene,https://www.google.com/maps/contrib/104123750529463137513/reviews?hl=en-CA,alo mtl reviews - Google Search example.html
Ci9DQUlRQUNvZENodHljRjlvT2xwcmRUVTBNbXBhVVhCQ1kwUkpTMGxzU0hoblMxRRAB,Nelson Smyles,5,a year ago,Alberto was a gentleman and found me exactly what I was looking for! Will definitely be back.,https://www.google.com/maps/contrib/108769312181656419007/reviews?hl=en-CA,alo mtl reviews - Google Search example.html
Ci9DQUlRQUNvZENodHljRjlvT25oeWJXeFhZMkpCYVMweU1FdElTSGxQUVhOS2VVRRAB,Nilou Fr,1,a year ago,"Congratulations to ALO HEAD OFFIC to have this garbage branch, and ROOD customer service, i wish i could give zero star, you better to fire at least all rood girls staff there and make a new team, otherwise you will loose your regular customers on this branch, and you already lost actually",https://www.google.com/maps/contrib/107867503525147214375/reviews?hl=en-CA,alo mtl reviews - Google Search example.html
Ci9DQUlRQUNvZENodHljRjlvT25wcWEyTXRSMGN4Y1hKbmRsODRabTlWV0Vwb1pWRRAB,Filomena Iannaccone,5,a year ago,Amazing service .. Thank you for all your help. I will let my friends and family know about this wonderful store.,https://www.google.com/maps/contrib/109454601273784086341/reviews?hl=en-CA,alo mtl reviews - Google Search example.html
Ci9DQUlRQUNvZENodHljRjlvT21oc1JFcG5TMVZGZFd0RWMxRTJkbFkxU1U1VWFtYxAB,Stefania Lipari,5,a year ago,Amazing service from Roberto and the team! Excellent product! Continue the amazing service everyone.,https://www.google.com/maps/contrib/117000219648634235499/reviews?hl=en-CA,alo mtl reviews - Google Search example.html
ChZDSUhNMG9nS0VPcUk5dGY0enVLUlZ3EAE,alessio bolusi,5,a year ago,Absolutely amazing customer service and an incredible selection—couldn’t ask for more!,https://www.google.com/maps/contrib/108217821126011891118/reviews?hl=en-CA,alo mtl reviews - Google Search example.html
Ci9DQUlRQUNvZENodHljRjlvT25kTFV6STBOa05vTW10eVpqSlNNVU5ITms5ek0yYxAB,Jaycee,1,4 months ago,Worst service ever,https://www.google.com/maps/contrib/100306307315942992870/reviews?hl=en-CA,alo mtl reviews - Google Search example.html
ChZDSUhNMG9nS0VJQ0FnTUNBMWUyV2RnEAE,Catherine Marquis-Harvey,5,a year ago,Excellent customer service in English AND French.,https://www.google.com/maps/contrib/106124257705173641831/reviews?hl=en-CA,alo mtl reviews - Google Search example.html
Ci9DQUlRQUNvZENodHljRjlvT25aeFZubEZSM1l0U2pSRFRVUlJOVEY0ZUZkeFRsRRAB,Hana Elassal,5,a year ago,Very sweet and kind workers 💛💛💛,https://www.google.com/maps/contrib/111019053556169317826/reviews?hl=en-CA,alo mtl reviews - Google Search example.html
Ci9DQUlRQUNvZENodHljRjlvT2tKMFpWTmxSalZaUjE5QmFYTnhkRlIyVFMxd1VIYxAB,Macrina Megaly,5,a year ago,Ask for René …such a great help,https://www.google.com/maps/contrib/115628238451483362796/reviews?hl=en-CA,alo mtl reviews - Google Search example.html
ChdDSUhNMG9nS0VJQ0FnSURIejlIYmxnRRAB,Mario,5,a year ago,Awesome!,https://www.google.com/maps/contrib/100858793024184473000/reviews?hl=en-CA,alo mtl reviews - Google Search example.html
ChZDSUhNMG9nS0VJQ0FnSUNIOFlTVFFBEAE,Brahim Kerkoub,5,a year ago,The best ❤️,https://www.google.com/maps/contrib/101761828892663215829/reviews?hl=en-CA,alo mtl reviews - Google Search example.html
Ci9DQUlRQUNvZENodHljRjlvT2pOeGQxSnhlVVo0TVRGcE0wMTVZMnRDVVVKMGRGRRAB,Gisele M,5,a week ago,"Amazing selection, amazing team! Kudos to Camila for helping me find the right pants that would suit my body type! I bought 3 pairs of pants and two tops, and would definitely go back for more!⭐️🤩",https://www.google.com/maps/contrib/103116840521346158819/reviews?hl=en-CA,alo mtl reviews - Google Search example.html
Ci9DQUlRQUNvZENodHljRjlvT214MWMwSndkRzkzVmtWYWNIb3RNVGRtY2xCcE0xRRAB,Claudia Catering,5,3 weeks ago,"I was downtown and decided to take my nieces out for a little shopping. Alo was our stop, and Roberto was our salesperson. From the moment we arrived, Roberto was fantastic. He was informative, knowledgeable about the products, and …",https://www.google.com/maps/contrib/113798464753150758378/reviews?hl=en-CA,alo mtl reviews - Google Search example.html
Ci9DQUlRQUNvZENodHljRjlvT21wa1NsVXlOR3g1VEd4WFdqSnhZVUV5VkhoUk9HYxAB,Karina Muller,1,3 weeks ago,"Nothing like walking into the store at 8:30 and being told by every sales person they’re closing soon (let me clarify they close at 9:00). Even though I knew what I wanted to buy, I will take my money and spend it elsewhere… hello Lululemon!",https://www.google.com/maps/contrib/102676646771344135086/reviews?hl=en-CA,alo mtl reviews - Google Search example.html
Ci9DQUlRQUNvZENodHljRjlvT2tSNFV6RlFaRVppVDA0M2VsUmFkbFJ4Y0hnMExWRRAB,Lili Fourche,1,2 months ago,Très déçue de mon expérience avec Alo Montréal. J’ai acheté cette paire de baskets neuves en boutique lors d’un séjour à …,https://www.google.com/maps/contrib/116578695595266195757/reviews?hl=en-CA,alo mtl reviews - Google Search example.html
Ci9DQUlRQUNvZENodHljRjlvT2kxeGJYWTNla1phYUdjNU9GRldkVlZpWWxoelJsRRAB,Laurence Longpré,1,5 months ago,"Lors de ma visite au magasin, plusieurs leggings étaient affichés sur le raque avec un prix de 0,00 $. Selon la Loi sur la protection du consommateur du Québec et la politique d’exactitude des prix, le prix affiché doit être respecté. …",https://www.google.com/maps/contrib/112275396667062069026/reviews?hl=en-CA,alo mtl reviews - Google Search example.html
Ci9DQUlRQUNvZENodHljRjlvT21WT2VXMXFUMlpoYkhkdWVFdHhhVjlEUWs1elZtYxAB,Track MTL,5,8 months ago,"Alberto .. un professionnel attentionné ! Il a eu la gentillesse de faire des recherches pour changer mon modèle et m’orienter au mieux, sans me pousser à l’achat. Un véritable atout pour le magasin, et toute l’équipe était vraiment au top. Je recommande vivement !",https://www.google.com/maps/contrib/118426588444092559558/reviews?hl=en-CA,alo mtl reviews - Google Search example.html
Ci9DQUlRQUNvZENodHljRjlvT21OTmJWZHRZMUpVUTJodE0zcFpZa1p1VkZCbGQwRRAB,Cindy Desormeaux,1,a month ago,Pire magasin! A éviter! Service client de merde! En particulier le gérant Roberto condescendant au maximum zéro professionnel! Vêtements très dispendieux et qualité médiocre!,https://www.google.com/maps/contrib/110372969607786319380/reviews?hl=en-CA,alo mtl reviews - Google Search example.html
Ci9DQUlRQUNvZENodHljRjlvT2poSmEwSnBhRGw2UzNVd05XRnhSR3BwVW5sYVQzYxAB,Marc-André Ravary,5,8 months ago,"J'y ai acheté des cadeaux pour ma femme et j'ai été impressionné par la quantité et la gentilesse du personnel sur place. Si tu achètes du Alo, c'est que tu as les moyens. C'est super dispendieux et je crois que tu payes pour service et le …",https://www.google.com/maps/contrib/108314444666453718024/reviews?hl=en-CA,alo mtl reviews - Google Search example.html
Ci9DQUlRQUNvZENodHljRjlvT25kTFdsUTNSSFZhTjBWcmRHaG5Na2QyVW5WdlJtYxAB,Hajar Essalih,5,9 months ago,"30% sur tout, that’s insane !!  🤯🤯 Je viens de quitter le magasin ce matin après 1h passé avec René, chouette type …",https://www.google.com/maps/contrib/112617739985164160876/reviews?hl=en-CA,alo mtl reviews - Google Search example.html
Ci9DQUlRQUNvZENodHljRjlvT25KT09HOUdiVzUwU0ZaVVpXOUhUM2x5Um1GUmQxRRAB,Doha JAAFAR,5,3 months ago,"Excellent service de la part d’Alberto!! Il a vraiment fait le nécessaire pour me trouver une solution et s’assurer que je reparte satisfaite. Très professionnel, patient et attentionné. Merci encore pour ton aide, c’est très apprécié !",https://www.google.com/maps/contrib/102804173848102789093/reviews?hl=en-CA,alo mtl reviews - Google Search example.html
Ci9DQUlRQUNvZENodHljRjlvT21aa2EzWkRZMmxNV1ZOMWEzRTFXR052V25GcmFFRRAB,Pegah Niki-Rad,5,8 months ago,Service exceptionnel d’Alberto chez Alo sur Ste-Catherine Je tiens à souligner l’excellent service qu’Alberto m’a offert aujourd’hui. J’avais besoin d’un manteau qui n’était disponible qu’à Toronto et il en restait …,https://www.google.com/maps/contrib/101747764556551062975/reviews?hl=en-CA,alo mtl reviews - Google Search example.html
Ci9DQUlRQUNvZENodHljRjlvT204dFRXZDNSRk5LYm05SE9GbGtRWFpPT1ZwbmRHYxAB,Lili-Rose St-Amant,1,5 months ago,Très déçu du service donné aujourd’hui. Je me sentais jugé en raison de mon jeune âge. Malheureusement je ne pense pas retourner à la boutique Alo sur ste-Catherine.,https://www.google.com/maps/contrib/101702666713809923418/reviews?hl=en-CA,alo mtl reviews - Google Search example.html
Ci9DQUlRQUNvZENodHljRjlvT2twT1pYcHpaelJ2U1RGdE5HUjVXV2huYldaQlpFRRAB,Walou Msr (Walou),5,9 months ago,J’avais entendu parler de cette marque depuis un moment et je suis passé à la boutique du centre ville la semaine dernière pour la première fois. …,https://www.google.com/maps/contrib/110254357709057048054/reviews?hl=en-CA,alo mtl reviews - Google Search example.html
Ci9DQUlRQUNvZENodHljRjlvT2pGUE1rdENNamt6U3pCbWRGSnFVemREUVdnNVdFRRAB,Azima Azadaly,5,9 months ago,Le service est exceptionnel.Le gérant et les vendeurs sont très gentils et d’une aide incroyable afin de trouver des articles selon votre besoin. L’ambiance dans la boutique est très sympa et les articles sont bien classés dans le magasin afin de rendre plus agréable le shopping.,https://www.google.com/maps/contrib/107638554723765465795/reviews?hl=en-CA,alo mtl reviews - Google Search example.html
Ci9DQUlRQUNvZENodHljRjlvT205VlozTm5OakJJUm5sMWIxY3RlVEUzTkdsdFpXYxAB,Oumnia Mesfioui,5,3 months ago,Super expérience d’achat avec nawres qui a été hyper à l’écoute et aux petits pendant mon passage,https://www.google.com/maps/contrib/117389140398073031633/reviews?hl=en-CA,alo mtl reviews - Google Search example.html
Ci9DQUlRQUNvZENodHljRjlvT2kxbWVHWTFRbGRoTjA5SU9UTlFkbU42TjBKNlEyYxAB,Sara A,4,7 months ago,Je ne  comprends pourquoi les rabais du site ne correspondent pas aux prix du magasin et vice versa… sinon à part cela de beaux articles.. un peu overpriced puisque un simple set m’a couté 400$ mais bon !,https://www.google.com/maps/contrib/102923740228051035930/reviews?hl=en-CA,alo mtl reviews - Google Search example.html
Ci9DQUlRQUNvZENodHljRjlvT2twV1psWmxZemxWWWxaeE5TMVJia3hxTmxwcWJrRRAB,wissal nachrah,1,8 months ago,"Si seulement je pouvais donner 0 étoile, le service à la clientèle le plus arrogant, les filles à la caisse sont très froide aucun enthousiasme aucun sourire , après 3 passage au magasin j’ai plus envie de retourner tellement ça me met mal …",https://www.google.com/maps/contrib/109757792733534779484/reviews?hl=en-CA,alo mtl reviews - Google Search example.html
Ci9DQUlRQUNvZENodHljRjlvT2xkSFNHRXRXVzAyUnpsaVZqVnhZemRtVW5SR2FWRRAB,Benjamin Rondot,5,9 months ago,"De passage à Montréal, notre hôte Walid nous a conseillé de passer dans cette boutique. Accueil très chaleureux, des produits au top. Je recommande ! Merci à l’équipe.",https://www.google.com/maps/contrib/115273331218154369572/reviews?hl=en-CA,alo mtl reviews - Google Search example.html
ChdDSUhNMG9nS0VJQ0FnSUQzNlBuYzJ3RRAB,David Merires,1,a year ago,Catastrophique !!!!!!!!! Je vous conseil d’éviter cet endroit. Premièrement le personnel est très désagréable. Deuxièmement le prix des articles n’est pas le même sur toutes les étiquettes pour le même produit. …,https://www.google.com/maps/contrib/115118748747668130386/reviews?hl=en-CA,alo mtl reviews - Google Search example.html
ChdDSUhNMG9nS0VQclp3N09lX3RyMHVRRRAB,Allaya Rahman,5,a year ago,"J’ai eu Agla qui m’a servi, elle a donné une expérience de qualité, elle a surpassé mes attentes, elle a répondu à toutes mes questions et a été à l’écoute de mes problèmes, 10/10 overall ! Merci à elle et son équipe!",https://www.google.com/maps/contrib/114017704809906873736/reviews?hl=en-CA,alo mtl reviews - Google Search example.html
Ci9DQUlRQUNvZENodHljRjlvT2xSTlgwcEtRVnBFYzJvM1VHUTJlRTUwUjI5eVNGRRAB,Viviana Rodriguez,5,9 months ago,"Super service chez ALO! Rene m’a vraiment bien aidé, il connaît ses affaires piis il est super sympathique. Je recommande!",https://www.google.com/maps/contrib/102109015613681871810/reviews?hl=en-CA,alo mtl reviews - Google Search example.html
ChdDSUhNMG9nS0VJQ0FnSUQzc2Rtc3hBRRAB,Daphné Laroche,1,a year ago,"Vendeurs roux/manager très impolie, il ne laissait pas mon amie aller au toilette,c’était pressant car si on arrêtais à quelque part d’autre nous allions manquer notre train, je ne vous conseille pas ce vendeur si vous voulez passer une bonne journée.",https://www.google.com/maps/contrib/106171230478515778683/reviews?hl=en-CA,alo mtl reviews - Google Search example.html
ChdDSUhNMG9nS0VJQ0FnSUNueXRMWjNBRRAB,Sissy,5,a year ago,Très bon service les 3 fois dernière fois que j’y suis allé! Oui il n’y a pas toutes les tailles ou couleurs sur le plancher mais les vendeuses vont le chercher rapidement et sont aidante!,https://www.google.com/maps/contrib/111613777255253452707/reviews?hl=en-CA,alo mtl reviews - Google Search example.html
ChZDSUhNMG9nS0VJQ0FnSURmM2NHT0ZnEAE,Mathieu Portier,4,a year ago,"Excellente sélection mais magasin qui mériterait quelques efforts afin d’être mieux tenu tenant compte du prix des articles vendus ( désordre dans les vêtements, staff qui manque d’ expérience, manque de propreté )",https://www.google.com/maps/contrib/101122167841352457467/reviews?hl=en-CA,alo mtl reviews - Google Search example.html
Ci9DQUlRQUNvZENodHljRjlvT20xRVpqTlpVbFpVVFV4UmFtWjJNWFExUmtaNFMzYxAB,ABDELLATIF ELHAJJI,1,9 months ago,"Sur le site c'est marqué fermeture à 18h et quand je suis parti ils m'ont dit qu'ils ferment à 17h , et la vendeuse ne m'a pas donné d'explication....",https://www.google.com/maps/contrib/113968011715499126539/reviews?hl=en-CA,alo mtl reviews - Google Search example.html
Ci9DQUlRQUNvZENodHljRjlvT2tsdGJUTkxjVTk0YkRBNFRISldSSFJaYlc5ZllYYxAB,RAMOS Loriane,5,9 months ago,"De passage pendant mes vacances, j’ai eu la chance d’être conseillée par René avec beaucoup de bienveillance. Merci à lui",https://www.google.com/maps/contrib/117905521686720570731/reviews?hl=en-CA,alo mtl reviews - Google Search example.html
ChZDSUhNMG9nS0VJQ0FnSUQzMlBfdUhBEAE,Love,5,a year ago,"Excellent service, personnel super poli et professionnel dans l'explication de leurs produits.👏👏👏  Merci Cami pour votre gentillesse et bonne explication des vêtements et accessoires Alo",https://www.google.com/maps/contrib/113662808809471110579/reviews?hl=en-CA,alo mtl reviews - Google Search example.html
ChdDSUhNMG9nS0VJQ0FnSURQNGRmMHB3RRAB,Catalina,1,a year ago,"C’était vraiment une expérience déplaisante dans ce magasin. Tous les travailleurs étaient bêtes et prétentieux. Ils enlèvent l’envie de magasiner, si je pouvais donner zéro étoiles, je l’aurais fait!",https://www.google.com/maps/contrib/111714831208324118868/reviews?hl=en-CA,alo mtl reviews - Google Search example.html
ChZDSUhNMG9nS0VJQ0FnTURvaGU2ZUtnEAE,Jean-nicholas Papillon Gauthier,1,a year ago,Service épouvantable par la caissière. Nous avons décidé d’annuler notre achat tellement elle était arrogante avec nous.,https://www.google.com/maps/contrib/114590498118217130308/reviews?hl=en-CA,alo mtl reviews - Google Search example.html
ChZDSUhNMG9nS0VJQ0FnSUMzZ01MQ05BEAE,Lena Ana,1,a year ago,Manque de respect et de courtoisie. Les conseillères ne connaissent pas leur marchandise. Assez ordinaire comme service.,https://www.google.com/maps/contrib/107200170721459569891/reviews?hl=en-CA,alo mtl reviews - Google Search example.html
ChdDSUhNMG9nS0VJQ0FnSUNuM1lxUDNnRRAB,Isabelle Soucy,5,a year ago,"La boutique est magnifique, le staff est trop gentil et les vêtements pour femme sont incroyables. 🤍",https://www.google.com/maps/contrib/105702621653348940181/reviews?hl=en-CA,alo mtl reviews - Google Search example.html
Ci9DQUlRQUNvZENodHljRjlvT2t4MlQwbG9PRjlzZW5aMExUTkVaRFV5WkhFMk5sRRAB,Stephanie Martin,5,5 months ago,Belle qualité de vêtements,https://www.google.com/maps/contrib/116648281419196837365/reviews?hl=en-CA,alo mtl reviews - Google Search example.html
Ci9DQUlRQUNvZENodHljRjlvT2xWQlpIZFViVmxtTW5oaVIxcG9UMHczWkhwbWNHYxAB,Maya Dinta,5,a year ago,Prix abordable et des habits de bonne qualité,https://www.google.com/maps/contrib/110139324327550874400/reviews?hl=en-CA,alo mtl reviews - Google Search example.html
Ci9DQUlRQUNvZENodHljRjlvT2taamVXRllRalZuWDI1cU0yMTVNV2cwYlY5VlZVRRAB,NoworriesM8,5,2 weeks ago,,https://www.google.com/maps/contrib/104965807666390668136/reviews?hl=en-CA,alo mtl reviews - Google Search example.html
Ci9DQUlRQUNvZENodHljRjlvT21jMFExWXRXVFJzWDBoMmVrZHpPRmMzTkhreGFrRRAB,Reachill Franche,5,3 weeks ago,,https://www.google.com/maps/contrib/117560294961299247765/reviews?hl=en-CA,alo mtl reviews - Google Search example.html
Ci9DQUlRQUNvZENodHljRjlvT210dGQyRXhVelJ5Y25samFWOHpXV0ZLZEU1VFVWRRAB,francois-xavier metellus,5,a month ago,Merci  au gerant pour le super service . Très professionnel.  Et aussi a quand un alo sur ́la rive sud,https://www.google.com/maps/contrib/105118590111686579959/reviews?hl=en-CA,alo mtl reviews - Google Search example.html
Ci9DQUlRQUNvZENodHljRjlvT2tsTk5ETjFTbHBDVWpZdFFrbGtUVnBQV1RWU1YzYxAB,TSM,5,2 months ago,,https://www.google.com/maps/contrib/111575147883035895967/reviews?hl=en-CA,alo mtl reviews - Google Search example.html
Ci9DQUlRQUNvZENodHljRjlvT25aV01IVnRUWGQzZERGaVVVaE1RVXRLYjNWc2NIYxAB,Denisa Sutzescu,3,3 months ago,,https://www.google.com/maps/contrib/112220078689643414947/reviews?hl=en-CA,alo mtl reviews - Google Search example.html
Ci9DQUlRQUNvZENodHljRjlvT2pKcFpuZzNValpzVEVKb1RXOUVaMkpMT1RKQldIYxAB,Jinnet Paola Gallego G,5,5 months ago,,https://www.google.com/maps/contrib/115141393354108486225/reviews?hl=en-CA,alo mtl reviews - Google Search example.html
Ci9DQUlRQUNvZENodHljRjlvT25aQ1NUQlFabEl0YkdoVFJtTmhTbUpvV1dOS1pYYxAB,邹雪香,1,5 months ago,,https://www.google.com/maps/contrib/102283155420607154109/reviews?hl=en-CA,alo mtl reviews - Google Search example.html
Ci9DQUlRQUNvZENodHljRjlvT25oWk1YUXRaeTFVUWt3eVRsQlFlVFZwY1RFM09FRRAB,Roberto Reino,5,6 months ago,,https://www.google.com/maps/contrib/103566546504011012816/reviews?hl=en-CA,alo mtl reviews - Google Search example.html
Ci9DQUlRQUNvZENodHljRjlvT25wSFkwSmxWVWxsWDNsRlJYRnZNRWx0VTNCRlJWRRAB,Alexandre breton,5,a year ago,,https://www.google.com/maps/contrib/105469292395370541102/reviews?hl=en-CA,alo mtl reviews - Google Search example.html
ChZDSUhNMG9nS0VNYVpoWW5ZaHVUYUVREAE,Rodolfo Estrada,5,a year ago,,https://www.google.com/maps/contrib/112600815954928885762/reviews?hl=en-CA,alo mtl reviews - Google Search example.html
ChZDSUhNMG9nS0VJQ0FnTUNZMHNpTlpREAE,Aristea Tsakiris,1,a year ago,,https://www.google.com/maps/contrib/109069801465322370462/reviews?hl=en-CA,alo mtl reviews - Google Search example.html
ChZDSUhNMG9nS0VJQ0FnTURJOWRfY0V3EAE,Malak El abbadi,5,a year ago,,https://www.google.com/maps/contrib/102700515373882392043/reviews?hl=en-CA,alo mtl reviews - Google Search example.html
ChZDSUhNMG9nS0VJQ0FnTUN3dE9xOWV3EAE,Jandel Theman,5,a year ago,,https://www.google.com/maps/contrib/106165780479649948520/reviews?hl=en-CA,alo mtl reviews - Google Search example.html
ChdDSUhNMG9nS0VJQ0FnTURRbjRHam13RRAB,Adrien Thomas,5,a year ago,,https://www.google.com/maps/contrib/104348269598503375334/reviews?hl=en-CA,alo mtl reviews - Google Search example.html
ChdDSUhNMG9nS0VJQ0FnTURncGRXTXJRRRAB,kw c,3,a year ago,,https://www.google.com/maps/contrib/107063860226483490058/reviews?hl=en-CA,alo mtl reviews - Google Search example.html
ChZDSUhNMG9nS0VJQ0FnSURYMjkta2RnEAE,deema joumaa,1,Edited a year ago,,https://www.google.com/maps/contrib/104367638723454553868/reviews?hl=en-CA,alo mtl reviews - Google Search example.html
ChdDSUhNMG9nS0VJQ0FnSURubi1HSjNBRRAB,Habonimana Ornella,5,a year ago,,https://www.google.com/maps/contrib/117228359376045321075/reviews?hl=en-CA,alo mtl reviews - Google Search example.html
